"","going","","primary","care","","tomorrow","can¡¯t","wait","fully","explain","diabetes","works","still","ignorant",""
"","redhat","opensource","","growing","group","people","affected","type","","diabetes","meet","teaser","next","",""
"interesting","diets","dietitian","diet","diabetes","","healthyfood","","obesity","","","","","","",""
"","thenosm","","released","","findings","diabetes","research","called","reducing","burden","diabetes","","","",""
"going","","primary","care","","tomorrow","can¡¯t","wait","fully","explain","diabetes","works","still","ignorant","",""
"sometimes","little","love","goes","long","","join","","","support","","advice","others","","",""
"","","","","","","","","","","","","","","",""
"","thenosm","","released","","findings","diabetes","research","called","reducing","burden","diabetes","","","",""
"","labs","launches","","tablets","diabetes","management","india","express","pharma","","","","","",""
"","","don¡¯t","judge","disability","visibility","diabetes","please","retweet","spread","awareness","also","please","support","organizatio",""
"","zecohealth","","realize","proper","breathing","","improve","health","help","","combat","obesity","healthcare","health",""
"","","metabolic","control","children","","type","","diabetes","glycated","hemoglobin","correlate","","","glucose","moni"
"","zecohealth","","realize","proper","breathing","","improve","health","help","","combat","obesity","healthcare","health",""
"","zecohealth","","realize","proper","breathing","","improve","health","help","","combat","obesity","healthcare","health",""
"","realize","proper","breathing","","improve","health","help","","combat","obesity","healthcare","","","",""
"","diabetespac","interested","diabetes","advocacy","join","dpac","","","","","virtual","tennessee","diabetes","advocacy","forum"
"","","","","","","","","","","","","","","",""
"authors","recent","study","conclude","regardless","genetic","","maintaining","good","heart","health","","","","",""
"","medivizor","check","","reduce","risk","","patients","type","","","","","medivi","",""
"","medivizor","check","","reduce","risk","","patients","type","","","","","medivi","",""
"","medivizor","check","","reduce","risk","","patients","type","","","","","medivi","",""
"","medivizor","check","","reduce","risk","","patients","type","","","","","medivi","",""
"check","","reduce","risk","","patients","type","","","","","medivizor","diabetes","","",""
"check","","diabetes","","decadent","desserts","","diabetes","diets","desserts","","","","","ebay",""
"hselive","diabetics","eventually","eligible","booster","third","covid","vaccine","roll","prioritised","","","","","",""
"","labs","launches","patented","diabetes","pill","jardiance","","heats","potential","legal","battle","economic","times","",""
"","","","","","","","","","","","","","","",""
"","grown","still","doesn¡¯t","like","cooked","veggies","","ground","veggies","","","","","","vqqwsibkka"
"","","upcoming","","diabetes","gone","hybrid","person","spots","full","virtual","spots","available","register","soon",""
"","","covid","","infect","cells","pancreas","make","insulin","research","shows","diabetes","covid","","",""
"","zecohealth","managing","vagus","tone","important","sustainable","weight","management","nutrition","","health","environment","","",""
"","silkelefay","","","","obesity","diabetes","","","","smartwa","","","","",""
"","","","obesity","diabetes","","","","","","","","","","",""
"","","","paper","","shows","circadian","rhythms","skeletal","muscle","disrupted","","diabetes","compared","",""
"sometimes","sugardrops","","causes","huge","amount","sweat","collected","solve","","","","","","",""
"","","give","children","","manage","diabetes","without","","supervise","sideline","","","","",""
"","healthyojas","diabetes","ketone","testing","strips","","","","diabetes","","ketone","","","",""
"diabetes","predictive","lower","erectile","function","recovery","post","","","","","","","","",""
"","djamaessa","","people","died","","metabolic","vascular","disorders","patients","metab","","","","",""
"managing","vagus","tone","important","sustainable","weight","management","nutrition","","health","","","","","",""
"","","shop","","gummymerch","soon","","","","gummybeans","gummynfts","gummycade","gummyball","nfts","",""
"","fnanetwork","natural","diabetes","remedies","","common","herbs","lower","blood","sugars","","","","diabetes","bloodsugars"
"","psilocybin","linked","lower","heart","disease","diabetes","risk","read","full","article","","","","",""
"","","singular","focus","finding","cure","diabetes","follow","","","join","fight","today","","",""
"yeah","","","existing","conditions","pretty","much","fucked","private","healthcare","system","","","","",""
"ruby","redsky","gadgets","gifts","","","","","hritis","diabetes","adhd","migraine","","health","beauty",""
"","","celebrate","","years","since","ground","breaking","discovery","insulin","","delighted","exploring","theendoso","",""
"natural","diabetes","remedies","","common","herbs","lower","blood","sugars","","","","diabetes","","",""
"indicates","high","risk","pregnancy","","","","conacer","diabetes","","","","","","",""
"","","sarcoidosis","made","","little","fragile","keep","pressing","forward","sarcoidosis","","chronicpain","","",""
"please","donate","","","","donate","donation","pelota","losmina","sluggers","","mlbsluggers","","","",""
"","","genetic","studies","deleting","","neuromedin","","mice","support","essential","","role","","",""
"","","celebrate","","years","since","ground","breaking","discovery","insulin","","delighted","exploring","theendoso","",""
"","","","","","function","rhythmic","gene","expression","disturbed","type","","","","",""
"","","","","","function","rhythmic","gene","expression","disturbed","type","","","","",""
"","","term","","become","moving","target","makes","sense","concrete","","","","","",""
"","","veganism","","fastest","growing","lifestyle","choices","world","following","vegan","diet","beneficial","","",""
"","","shop","","gummymerch","soon","","","","gummybeans","gummynfts","gummycade","gummyball","nfts","",""
"","","shop","","gummymerch","soon","","","","gummybeans","gummynfts","gummycade","gummyball","nfts","",""
"wine","apparently","safe","type","","diabetics","","report","health","news","news","","features","wine","spectator",""
"","","","","","","","","","","","","","","",""
"systematic","review","impact","","quality","life","family","members","adults","diabetes","","","","","",""
"","donnieradio","look","","diabetes","face","decide","take","care","plan","long","","","","",""
"","donnieradio","find","happened","hyvelle","young","","","","diabetes","watch","full","donnieradio","","",""
"","donnieradio","tune","","","hear","national","ambassador","","","share","powerful","testimony","","",""
"","","genetic","trigger","type","","diabetes","","lung","commsbio","","","","","",""
"","","","","examined","clinical","outcomes","","","older","adults","diabetes","medication","","",""
"","know","good","","invested","predatory","healthcare","though","mass","wave","","","","","",""
"","","shop","","gummymerch","soon","","","","gummybeans","gummynfts","gummycade","gummyball","nfts","",""
"","","shop","","gummymerch","soon","","","","gummybeans","gummynfts","gummycade","gummyball","nfts","",""
"watch","video","stay","","","","video","series","","hansaji","yogendra","director","yoga","institute","",""
"","","","","","","","","","","","","","","",""
"","","high","fructose","corn","syrup","sugar","coca","cola","adds","salt","salt","makes","thirst","coke","poison"
"cocac","","","","","","","","","","","","","","",""
"just","diabetics","","","","diabetic","diabetes","spices","lifestyles","wellness","health","","","","",""
"","amanitalabs","people","tried","psychedelic","drug","least","lifetime","lower","odds","heart","disease","diabetes","","",""
"","","","","increase","risk","diabetes","timely","review","","discusses","three","different","ways","",""
"","","","r.i.p","american","motorcycle","road","racer","superbike","champion","","cooley","","dies","",""
"","","","","","","","","","","","","","","",""
"it¡¯s","horrid","days","","another","migraine","that¡¯s","flat","turning","corner","hope","","","","",""
"shop","","gummymerch","soon","","","","gummybeans","gummynfts","gummycade","gummyball","nfts","","","","ajpopqlzvk"
"","","chose","","endocrine","fellowship","many","reasons","expert","faculty","interested","endocrine","diseases","","",""
"take","moments","show","support","advocacy","campaign","simply","utilize","online","form","urge","congress","","","kpgbofmken",""
"","","association","cognitive","impairment","diabetic","foot","care","role","neuropathy","glycated","hemoglobin","","","",""
"","","sarcoidosis","made","","little","fragile","keep","pressing","forward","sarcoidosis","","chronicpain","","",""
"sarcoidosis","made","","little","fragile","keep","pressing","forward","sarcoidosis","","","","","","",""
"","","much","stress","","take","toll","health","","","","diab","","","",""
"little","sunday","afternoon","meal","prep","diabetes","fall","fallfood","","","","","","","",""
"","","flash","","research","looking","","","","flash","glucose","monitoring","system","adults","",""
"","djamaessa","","people","died","","metabolic","vascular","disorders","patients","metab","","","","",""
"","","","important","things","supported","diabetes","care","visit","insulin","centenary","platform","","","",""
"","","much","stress","","take","toll","health","","","","diab","","","",""
"","","check","","","diabetes","","","health","diabetes","cookbooks","","","","",""
"","","celebrate","","years","since","ground","breaking","discovery","insulin","","delighted","exploring","theendoso","",""
"","deserves","large","fries","diabetes","","","","","","","","","","",""
"lauramiers","keeping","notepad","links","covid","nightmares","lately","quit","adding","","","","","","",""
"molecule","prevent","damaging","cell","changes","caused","type","","diabetes","obesity","","","","science","",""
"","","native","americans","hispanics","african","americans","asian","americans","increased","risk","developing","type","","",""
"native","americans","hispanics","african","americans","asian","americans","increased","risk","developing","type","","","","",""
"","","anyone","know","struggles","type","","diabetes","important","video","watch","today","recent","","",""
"","","","","soluble","form","","thiamine","protects","damaging","glycation","high","blood","sugar","",""
"","","check","","","diabetes","","","health","diabetes","cookbooks","","","","",""
"factors","correlate","poor","glycemic","control","type","","diabetes","mellitus","patients","","","","","",""
"another","","another","store","walked","father","gear","skechers","whitewalls","diabetes","","walking","","","",""
"stourbridge","slimmer","loses","","","longer","needs","inject","insulin","","times","","control","diabetes","",""
"","","","","","","","","","","","","","","",""
"","insidesci","live","today","","sarah","stanley","","alexandra","alvarsson","discuss","beta","cell","innervation","mouse","models"
"diabetes","","","","","","","","","","","","","","",""
"","insidesci","","","podcast","","sarah","stanley","","alexandra","alvarsson","discuss","","whole","organ","imaging"
"","","","","","","","","","","","","","","",""
